{"val_loss": [1.964398610687256, 1.710485105895996, 1.2551158950805663, 1.2146202688217163, 1.1838739051818847, 1.2270631105422973, 0.9810187332153321, 1.0567429226875305, 0.8899731522560119, 0.9439753345489502, 0.9549198328018188, 0.9191654277801513, 0.9049398727416992, 0.8431066824913025, 0.768326194858551, 0.7568662705421447, 0.7475323927879334, 0.8588525797843933, 0.7335535274505616, 0.7586632294654846, 0.7874138942718506, 0.7039856053352356, 0.7324475210189819, 0.6968548076629638, 0.7689876450538635, 0.6407175930023193, 0.723199638748169, 0.7025418308258057, 0.671953213596344, 0.6355827278137207, 0.7319696694374085, 0.70188645029068, 0.7191944211006165, 0.6330316800117493, 0.7025267307281494, 0.6037083623886108, 0.6662052450180054, 0.6816281911849975, 0.728204330444336, 0.6489168730735779, 0.670893863582611, 0.5963496315002441, 0.594710703086853, 0.667513369178772, 0.6401089528083801, 0.6349985736846924, 0.6385602144241334, 0.6224326235771179, 0.5990696486473084, 0.5770028023719788, 0.6119804839611054, 0.5919466245651245, 0.6140852828025818, 0.6030187525749207, 0.5536217519760132, 0.6137337639331818, 0.6267658321380615, 0.5773067447662353, 0.612529078578949, 0.550885304927826, 0.6321444249153138, 0.5643975342750549, 0.5981822282791137, 0.542626342201233, 0.5559751893043519, 0.5625227800369262, 0.5536971516609192, 0.5346818043708801, 0.5303127970695496, 0.5480968608856202, 0.5446527541160584, 0.5488758019924164, 0.526648051738739, 0.5526681728363038, 0.5257297783851623, 0.5477162585258484, 0.5079588973999023, 0.5095378479003906, 0.5579866570472717, 0.5032320315361023, 0.5088392546653747, 0.49155881147384645, 0.4872610885620117, 0.4632837890625, 0.47775378789901735, 0.5055489086151123, 0.47346338119506837, 0.4718461217880249, 0.4797892297744751, 0.46340129022598264, 0.4586696012496948, 0.4729805012702942, 0.4425718376159668, 0.4355753096580505, 0.435490477848053, 0.4366242804527283, 0.4330113585472107, 0.430022979927063, 0.43231548814773557, 0.4265872137069702], "val_acc": [0.4899, 0.5926, 0.7265, 0.7361, 0.7418, 0.7284, 0.7901, 0.7643, 0.814, 0.7949, 0.7934, 0.7933, 0.8042, 0.8185, 0.8441, 0.8398, 0.8467, 0.8204, 0.8498, 0.8396, 0.8326, 0.8575, 0.8475, 0.8558, 0.8401, 0.8727, 0.8475, 0.8616, 0.8657, 0.877, 0.8485, 0.8526, 0.8612, 0.8789, 0.8612, 0.8861, 0.8652, 0.8617, 0.855, 0.8729, 0.8692, 0.8856, 0.8868, 0.8685, 0.8755, 0.8778, 0.8709, 0.8729, 0.8855, 0.8907, 0.8835, 0.8862, 0.8776, 0.8866, 0.8989, 0.8819, 0.8792, 0.8922, 0.8832, 0.8992, 0.8794999980926513, 0.8941, 0.8862, 0.9026, 0.9019, 0.897, 0.8974, 0.9018, 0.907, 0.9029, 0.902, 0.8991, 0.9045, 0.8983, 0.9051, 0.8992, 0.909, 0.9086, 0.9001, 0.9137, 0.9088, 0.9169, 0.9151, 0.9203, 0.9179, 0.916, 0.9198, 0.9235, 0.9193, 0.9205, 0.9223, 0.9215, 0.927, 0.9316, 0.932, 0.9317, 0.9306, 0.9323, 0.9314, 0.9321], "loss": [2.195373778164215, 1.5914854386467026, 1.3025552613405529, 1.143311071709482, 1.0434108368471566, 0.9704876380506754, 0.9151216340363313, 0.8667305346708631, 0.8266831818474459, 0.7971817735375829, 0.7679844969358199, 0.7495457291143708, 0.7269798875581694, 0.7111158340405195, 0.6921006707557135, 0.6729628084024865, 0.6599908978999484, 0.6525725717532317, 0.6319276287764511, 0.6344741746558568, 0.6169874100376102, 0.6110333993834948, 0.6004363110442554, 0.588462484952731, 0.5883901915683453, 0.5776716088843261, 0.5688873389266721, 0.5599763698405014, 0.5614696192672554, 0.5486297036592777, 0.5452331303593128, 0.5388981502789717, 0.5266922061728145, 0.5264939083133633, 0.5188768317502853, 0.5169409516341876, 0.512442532394955, 0.5070469736249775, 0.49921755284730696, 0.4930140245197903, 0.49127128643867296, 0.4843237003456268, 0.48009671824920014, 0.47405018530520715, 0.4690689465002942, 0.45921970790572986, 0.46136004203093295, 0.4576605498733374, 0.44860685508450826, 0.4429117109531011, 0.4388894510043303, 0.4274258073323812, 0.4343722558167016, 0.42217486959104933, 0.42218331510262647, 0.4144824715925785, 0.4077238973934068, 0.4019764221207928, 0.39909282467248236, 0.391279095625472, 0.38564819983844006, 0.3854882253987077, 0.3769572044030214, 0.3740502682609595, 0.3582730429425697, 0.35898928819920417, 0.3579063153549919, 0.3478303239131585, 0.3393611943273875, 0.3361208337046299, 0.33006162811548284, 0.3241760218916754, 0.3216009896115917, 0.310597476809691, 0.30014161218195573, 0.29600007539955053, 0.28703525704451094, 0.2846726939685083, 0.27497627387491985, 0.2726406842938669, 0.26422926672651553, 0.2532309271995173, 0.24939067282659869, 0.24180990010499953, 0.23322572430758895, 0.22722614737497066, 0.2223237042022808, 0.21350160644610494, 0.20589943045620587, 0.20106454089374776, 0.19510765950248377, 0.19094489620001148, 0.18578315914671584, 0.18027842252308793, 0.17792702045960304, 0.17473054182456715, 0.17022686384027877, 0.16953087295233762, 0.16679220295005937, 0.16575748908202312], "acc": [0.4213586781971111, 0.6180622393135693, 0.7058269169264051, 0.7506416426433139, 0.7770893487518783, 0.7955165222970805, 0.808589990375361, 0.8218840230991338, 0.8301451716585193, 0.8374438563103014, 0.8433894230769231, 0.8488880860246598, 0.8555903112349084, 0.8577524038461538, 0.8649446050096339, 0.8678416747063217, 0.8716514276165513, 0.8723532242158456, 0.8801130895473883, 0.8774061598072536, 0.8832811998907939, 0.8839629451204348, 0.8866097208854667, 0.8911658653846154, 0.8929632306290347, 0.8936276868784088, 0.8973572345012497, 0.8983397497785065, 0.8988009304008998, 0.9023637820512821, 0.9035203917024989, 0.9064903846153847, 0.9089796082017968, 0.9090471607697175, 0.91014998392069, 0.9115134745329513, 0.9125962463716379, 0.9135587103174863, 0.9164862047222359, 0.918491337843954, 0.9189503205128206, 0.9202994541166375, 0.9220404234649969, 0.9226820661274332, 0.9245869425347419, 0.9279956688932933, 0.9256095604939379, 0.9283164901767054, 0.9307427012771224, 0.9331330128205129, 0.9330242454201729, 0.9363782051282051, 0.9340277778160595, 0.9381817452487633, 0.9366377927111936, 0.9398059031502115, 0.9394048764455536, 0.9431143727943535, 0.9444979146806559, 0.9445580686748812, 0.9469842797944207, 0.9468238690666637, 0.9481971153846154, 0.9495423892674418, 0.9535009624639076, 0.9526588065065097, 0.9532402951364759, 0.9555889423076923, 0.9578917790814402, 0.9575914340520999, 0.9591546474358974, 0.9607819524344222, 0.9613009303435325, 0.9647497593457782, 0.9672962784728906, 0.9678376644017951, 0.969891826923077, 0.9706767822353214, 0.9733517805773515, 0.9736525505102327, 0.9757779916777686, 0.9793471286684647, 0.9797481552775105, 0.981229967948718, 0.9832571382931038, 0.9844802695090166, 0.9851075787152246, 0.9872072505423148, 0.9894329483668928, 0.9907162335770306, 0.991698748835165, 0.9926211100799517, 0.9939444979146616, 0.9952277831439219, 0.9952123397435897, 0.9958052344251767, 0.9974133782483157, 0.9971928136028232, 0.997674045556625, 0.9983958934873276]}